seed_text(prime_text),generated _text,perplexity,,,
,"find and compare exclusive deals on hotels in manila and save big!
",50.13029689,,,
,"best rates or refund + $50 coupon. book your bright berch hotel today!
",84.37171038,,,
,"book a hotel near port castle airport, singapore. save up to 50% on your reservation.
",51.6289972,,,
,"book at hotel le marro, marreket. no reservation costs. great rates.
",52.30087667,,,
,"book at hotel la perrin city, new york
",85.01526925,,,
,"book your hotel in corta online. no reservation costs. great rates.
",30.80964321,,,
,"find and compare exclusive deals on hotels in monteroy, ma and save big!
",50.44310855,,,
,"find and compare exclusive deals on cheap hotels near marie and save big!
",64.38408018,,,
,"book your hotel in colombis online. no reservation costs. great rates.
",30.80964321,,,
,"best rates or refund + $50 coupon. book your barcelona hotel today!
",54.82096334,,,
,"book at harbour hotel & spa, salta beach. no reservation costs. great rates.
",91.03988934,,,
,"book at hotel marrin, maris. no reservation costs. great rates.
",38.41088126,,,
,"family-friendly cancon hotel in athantic city, near salama airport and free
",85.99979687,,,
,"book at hotel ballington, barcelona. no reservation costs. great rates.
",38.41088126,,,
,"book at the grast hotel, london. no reservation costs. great rates.
",33.5929379,,,
,"book a hotel near san francisco airport. save up to 50% on your reservation.
",48.63054706,,,
,"best rates or refund + $50 coupon. save big on hotels in san jose.
",34.98026654,,,
,"book a b&b in starburg online. no reservation costs. great rates.
",38.96958309,,,
,"book a hostel in san juse, coloma. no reservation costs. great rates.
",39.05411692,,,
,"best rates or refund + $50 coupon. book your barcelona hotel today!
",54.82096334,,,
,"book at hotel dubai rome, barcelona. no reservation costs. great rates.
",56.25903751,,,
,"find and compare exclusive deals on hotels in manila, california and save big!
",44.18073227,,,
,"book a hotel near portland airport, landon. get instant confirmation.
",80.57508278,,,
,"book at hotel de marro, miami beach. no reservation costs. great rates.
",69.22227553,,,
,"book a motel in marrikech, ny. no reservation costs. great rates.
",44.36383716,,,
,"book a hotel near st and stadium. save up to 50% on your reservation.
",46.93538507,,,
,"book a hotel near station centre. save up to 50% on your reservation.
",39.17840079,,,
,"book a hotel near minter area, casino. save up to 50% on your reservation.
",39.50586672,,,
,"book at hotel la palace, san diego. no reservation costs. great rates.
",49.72889869,,,
,"book a hotel near marchester airport, casino. save up to 50% on your reservation.
",39.50586672,,,
,"book at the grand hotel maris, paris. no reservation costs. great rates.
",29.06365339,,,
,"find and compare exclusive deals on hotels in casino, minnesota and save big!
",56.70297557,,,
,"book a hotel near manchester station. save up to 50% on your reservation.
",48.01539969,,,
,"book at the grand hotel and, cork. no reservation costs. great rates!
",29.06365339,,,
,"find and compare exclusive deals on hotels in colorido and save big!
",35.69962563,,,
,"find and compare exclusive deals on hotels in montegeler, mission and save big!
",53.97973608,,,
,"book a hotel near portland airport, south park. get instant confirmation.
",72.42309186,,,
,"book at the bridge hotel, london. no reservation costs. great rates.
",50.81426672,,,
,"book at hotel de long millenni, miami. no reservation costs. great rates.
",70.18327981,,,
,"find and compare exclusive deals on hotels in marina, ca ond save big!
",44.49394371,,,
,"book at hotel de la palace, milan. no reservation costs. great rates.
",63.20563604,,,
,"book a hostel in barcelona
",48.66655202,,,
,"book your hotel in bristal city mi online. no reservation costs. great rates.
",44.96653957,,,
,"find and compare exclusive deals on hotels in manchester and save big!
",47.64902984,,,
,"find and compare exclusive deals on hotels in moncestor and save big!
",35.69962563,,,
,"book at the bridge hotel & spa, salom. no reservation costs. great rates.
",36.53227646,,,
,"book at hotel du man city, san francisco. no reservation costs. great rates.
",87.50351329,,,
,"best rates or refund + $50 coupon. book your casilo hotel today!
",47.06590228,,,
,"book at hotel dublon, millington. no reservation costs. great rates
",31.13041057,,,
,"book at toe star hotel, london. no reservation costs. great rates.
",63.79929056,,,
,"best rates or refund + $50 coupon. book your busalest hotel today!
",47.06590228,,,
,"best rates or refund +$50 coupon. book your carib bay hotel today!
",65.16638323,,,
,"find and compare exclusive deals on hotels in morte maya, mi and save big!
",50.17464815,,,
,"find and compare exclusive deals on hotels in manchester and save big!
",47.64902984,,,
,"book your hotel in barra online. no reservation costs. great rates.
",54.82392396,,,
,"best rates or refund + $50 coupon. book your casalana hotel today!
",47.06590228,,,
,"book at the grand hotel, london now
",48.443199,,,
,"book a b&b in statton online. no reservation costs. great rates.
",38.96958309,,,
,"book your hotel in monterey ca online. no reservation costs. great rates.
",57.23061192,,,
,"book a hotel near poris airport, san francisco. seve up to 50% on your reservation.
",48.81502263,,,
,"book a motel in manta cara, ca. no reservation costs. great rates.
",83.15919891,,,
,"book at hotel carton barcelona, bangkok. no reservation costs. great rates.
",85.59335443,,,
,"book your hotel in colombia online. no reservation costs. great rates.
",44.89443368,,,
,"book your hotel in castle conter ca online. no reservation costs. great rates.
",47.49525758,,,
,"best rates on hotel corona beach resort. plan your next trip with expedia.
",112.1480215,,,
,"book a hotel near ponte park, london. save up to 50% on your reservation.
",65.43379839,,,
,"best rates or refund +$50 coupon. book your maris coty hotel today!
",113.8682293,,,
,"find and compare exclusive deals on hotels in castana and save big!
",35.69962563,,,
,"book at the colling hotel, san francisco. no reservation costs. great rates.
",35.94657098,,,
,"find and compare exclusive deals on hotels,inear saint mariena and save big!
",69.55428836,,,
,"bost rates or refund + $50 coupon. book your barcelona hotel today!
",57.72695811,,,
,"book your hotel in brisbanest online. no reservation costs. great rates.
",30.80964321,,,
,"best rates or refund + $50 coupon. book your casino hotel today!
",58.08218836,,,
,"book at hotel de la mentral, london. no reservation costs. great rates.
",63.20563604,,,
,"book your hotel in brightown nc online. no reservation costs. great rates.
",43.63139764,,,
,"book at the grand harbor hotel, london. no reservation costs. great rates.
",46.88088457,,,
,"best rates or refund + $50 coupon. book your columbia hotel today!
",55.56257206,,,
,"book a hotel near paris fort stadium. save up to 50% on your reservation.
",48.63751034,,,
,"best rates or refund + $50 coupon. save on hotels in marin, india.
",35.5099809,,,
,"book at hotel colonado, marrakech. no reservation costs. great rates.
",38.41088126,,,
,"book your hotel in manis online. no reservation costs. great rates.
",30.80964321,,,
,"book at hotel de la mello, miami. no reservation costs. great rates.
",63.20563604,,,
,"find and compare exclusive deals on hotels in casino california and save big!
",53.64677274,,,
,"best rates or refund + $50 coupon. book your colorado hotel today!
",67.00575109,,,
,"book at the gorden hotel, now york. no reservation costs. great rates.
",80.2920428,,,
,"find and compare exclusive deals on hotels in colombia and save big!
",50.41316974,,,
,"book a b&b in brisban online. no reservation costs. great rates.
",38.96958309,,,
,"book a hotel near port and spa, malla. save up to 50% on your reservation.
",45.60100176,,,
,"best rates on casa dallas resort. plan your next trip with expedia.
",163.3613457,,,
,"book your hotel in barlington nc online. no reservation costs. great rates.
",43.63139764,,,
,"book at the grand condo inn, london. no reservation costs. great rates.
",45.21843774,,,
,"find and compare exclusive deals on hotels in montral, minnesota and save big!
",56.70297557,,,
,"book your hotel in ballarda online. no reservation costs. great rates.
",30.80964321,,,
,"book at harbour hotel & suites, london. no reservation costs. great rates.
",47.0254745,,,
,"book a hotel near marino stadeum. save up to 50% on your reservation.
",68.28266259,,,
,"book your hotel in corona online. no reservation costs. great rates.
",52.55629444,,,
,"best rates on coral bay hotel. plan your next trip with expedia.
",115.7939024,,,
,"book your hotel in cortle online. no reservation costs. great rates.
",30.80964321,,,
,"best rates or refund + $50 coupon. book your casino hotel today!
",58.08218836,,,
,"book a hotel near st andrews ane station. save up to 50% on your reservation.
",72.89453282,,,
,"book at the green hotel & casino, las vegas. no reservation costs. great rates.
",40.60453918,,,
,"book a hotel near port and spa, montral. save up to 50% on your reservation.
",45.60100176,,,
,"book at the bridge hotel & spa, singapore. no reservation costs. great rates.
",36.53227646,,,
,"book at the bangkok hotel, london. no reservation costs. great rates.
",35.59909519,,,
,"book at hotel le marrakech, manchester. no reservation costs. great rates.
",52.30087667,,,
,"family-friendly hotel with free breakfast and restaurant. walk to portlands city.
",139.7853503,,,
,"best rates or refund + $50 coupon. book your casino hotel today!
",58.08218836,,,
,"best rates or refund + $50 coupon. book your casa hotel today!
",69.83639732,,,
,"book a hotel in central barcelona
",66.98463857,,,
,"book your hotel in ballin online. no reservation costs. great rates.
",30.80964321,,,
,"book at hotel dublin bangkok, barcelona. no reservation costs. great rates.
",50.82509559,,,
,"find and compare exclusive deals on hotels in carisburg and save big!
",35.69962563,,,
,"book at hotel de la perin, paris. no reservation costs. great rates.
",63.20563604,,,
,"best rates or refund + $50 coupon. book your brussal hotel today!
",47.06590228,,,
,"book a hotel near palmas squere, san francisco. get instant confirmation.
",123.9322795,,,
,"book your hotel in coronta city on online. no reservation costs. great rates.
",30.94349761,,,
,"book at the bangkok hotel, london. no reservation costs. great rates.
",35.59909519,,,
,"book a hotel near saint sumpers station, san francisco. get instant confirmation.
",104.6576412,,,
,"best rates or refund + $50 coupon. book your caris hotel today!
",47.06590228,,,
,"find and compare exclusive deals on hotels in marraneto city, co and save big!
",48.05348746,,,
,"book at the bridge hotel, london. no reservation costs. great rates.
",50.81426672,,,
,"book a hotel near port angentown city, santa boria. get instant confirmation.
",120.9940167,,,
,"best rates or refund + $50 coupon. book your ballas hotel today!
",47.06590228,,,
,"book your hotel in casto online
",27.96025706,,,
,"best rates or refund + $50 coupon. book your colomado hotel today!
",47.06590228,,,
,"book your hotel in casall caster, ny. no reservation costs. great rates.
",33.98569169,,,
,"book a hotel near minter convention center. save up to 50% on your reservation.
",47.53423886,,,
,"find and compare exclusive deals on hotels in carmel, ca and save big!
",43.77541052,,,
,"best rates or refund + $50 coupon  book your car ridge, new zealand hotel today!
",50.86094287,,,
,"best rates or refund + $50 coupon. book your campa convention hotel today!
",60.87067969,,,
,"book at hotel du lan city  central del iar. no reservation costs. great rates.
",160.1623724,,,
,"book at the grand hotel amsterdam, milan. no reservation costs. great rates.
",29.06365339,,,
,"book at hotel millanni, milan. no reservation costs. great rates.
",38.41088126,,,
,"book at hotel de marina, miami beach. no reservation costs. great rates.
",69.22227553,,,
,"book a hotel near palm station, san antonio. get instant confirmation.
",95.88524855,,,
,"book at hotel cortagenter, milan. no reservation costs. great rates.
",38.41088126,,,
,"best rates or refund + $50 coupon. book your campa hotel today!
",47.06590228,,,
,"book at hotel du la menter, marrelech. no reservation costs. great rates.
",73.24033101,,,
,"book at the barre hotel, bangkok. no reservation costs. great rates.
",63.25049023,,,
,"find and compare exclusive deals on hotels in carmel and save big!
",54.35271998,,,
,"book your hotel in colorado online. no reservation costs. great rates.
",45.29375554,,,
,"book your hotel in manis city ca online. no reservation costs. great rates.
",41.36900027,,,
,"book your hotel in corona online
",74.43221639,,,
,"find and compare exclusive deals on hotels in corona and save big!
",58.2469994,,,
,"family-friendly hotel with free breakfast and restaurant.
",188.9797266,,,
,"book at hotel melbourne st petersburg, new york. no reservation costs. great rates!
",132.810957,,,
,"find and compare exclusive deals on hotels in mancouver, california and save big!
",44.18073227,,,
,"best rates or refund + $50 coupon. book your camp town hotel today!
",96.05828767,,,
,"find and compare exclusive deals on hotels in casino and save big!
",44.0555111,,,
,"book at hotel de marrakot, maris. no reservation costs. great rates.
",53.07142293,,,
,"book a motel in maris, new york. no reservation costs. great rates.
",90.03186351,,,
,"book your hotel in cortage online. no reservation costs. great rates.
",30.80964321,,,
,"best rates or refund + $50 coupon. book your coron hotel today!
",71.29724541,,,
,"best rates or refund + $50 coupon. book your ballarda hotel today!
",47.06590228,,,
,"book at hard rock hotel, lisson. no reservation costs. great rates.
",110.5062867,,,
,"book at the banglok hotel, london. no reservation costs. great rates.
",33.5929379,,,
,"best rates or refund + $50 coupon. book your colorado hotel today!
",67.00575109,,,
,"find and compare exclusive deals on hotels in caribo and save big!
",35.69962563,,,
,"book your hotel in brighton & springs, colona. no reservation costs. great rates.
",40.11241424,,,
,"book at hotel de marina, balfast. no reservation costs. great rates.
",53.07142293,,,
,"best rates or refund + $50 coupon. book your colomado hotel today!
",47.06590228,,,
,"find and compare exclusive deals on hotels in colombia and save big!
",50.41316974,,,
,"book a hotel near portland airport, san francisco. get instant confirmation.
",80.12031897,,,
,"book a motel in cancon, co. no reservation costs. great rates.
",65.57552341,,,
,"find and compare exclusive deals on hotels in colomano, ca and save big!
",43.77541052,,,
,"book your hotel in barlinghom, mi. no reservation costs. great rates.
",30.80964321,,,
,"find and compare exclusive deals on hotels in manis city, colorado and save big!
",55.9834225,,,
,"book your hotel in carridg ca online. no reservation costs. great rates.
",38.90139702,,,
,"book a hotel near palm springs, cancun. save up to 50% on your reservation.
",45.22440412,,,
,"best rates or refund + $50 coupon. book your casa hotel today!
",69.83639732,,,
,"book your hotel in carron ca online. no reservation costs. great rates.
",38.90139702,,,
,"find and compare exclusive deals on hotels in marin and save big!
",62.12328475,,,
,"book your hotel in colorade online. no reservation costs. great rates.
",30.80964321,,,
,"book at hotel de minater, rome. no reservation costs. great rates.
",53.07142293,,,
,"find and compare exclusive deals on hotels in castle, minsen and save big!
",38.64329491,,,
,"book a motel in corona, co. no reservation costs. great rates.
",65.57552341,,,
,"book your hotel in milan online
",32.13979078,,,
,"book at the golder hotel, london. no reservation costs. great rates.
",33.5929379,,,
,"book at the bridge hotel, los angeles. no reservation costs. great rates.
",64.36039309,,,
,"best rates or refund + $50 coupon. book your barcelona hotel today!
",54.82096334,,,
,"best rates or refund + $50 coupon. book your campa hotel today!
",47.06590228,,,
,"book at the bridge hotel, london. no reservation costs. great rates.
",50.81426672,,,
,"book at hotel la colona, miami beach
",112.0861673,,,
,"book a hotel near san antonio, san antonio. save up to 50% on your reservation.
",40.49851103,,,
,"book at the barch hotel, lisbon. no reservation costs. great rates.
",33.5929379,,,
,"book your hotel in ballas online. no reservation costs. great rates.
",30.80964321,,,
,"book your hotel in manila online. no reservation costs. great rates.
",44.61969655,,,
,"book at harbor resort, san francisco. no reservation costs. great rates.
",68.82850324,,,
,"beachfront hotel with full-service spa. walk to salana square.
",157.4298922,,,
,"book a hotel near milan city and and suites, mall. save up to 50% on your reservation.
",47.28071805,,,
,"book your hotel in columbia online. no reservation costs. great rates.
",36.92453043,,,
,"book at the greech hotel at castle resort, marino no reservation costs. great rates.
",70.77797637,,,
,"book a hotel in central castle convention center. save up to 50% on your reservation.
",58.22375792,,,
,"book a hotel near st penera center. save up to 50% on your reservation.
",47.65034076,,,
,"book your hotel in casa dubai online. no reservation costs. great rates.
",66.06466928,,,
,"book your hotel in las vegas online. no reservation costs. great rates.
",53.3925381,,,
,"book a motel in colomais, ca. no reservation costs. great rates.
",44.36383716,,,
,"book a hotel near poriland and save up to 50% on your reservation.
",36.18802565,,,
,"book your hotel in columbus online. no reservation costs. great rates.
",46.54784629,,,
,"book a motel in manchester ny. no reservation costs. great rates.
",60.7881086,,,
,"best rates or refund + $50 coupon on hotels near castle center.
",28.3692112,,,
,"book a hotel near san francisco, san fiancisco. get instant confirmation
",96.28066123,,,
,"book at the grand hotel carcolona, san francisco. no reservation costs. great rates.
",31.28496763,,,
,"book at hotel dubai plaza, paris. no reservation costs. great rates.
",56.25903751,,,
,"find and compare exclusive deals on hotels in colomano save big!
",33.14003575,,,
,"book a hostel in san jose, calamora. no reservation costs. great rates.
",39.05411692,,,
,"book at hotel du long beach, marmakach. no reservation costs. great rates.
",81.32576408,,,
,"book at hotel de marrane, paris. no reservation costs. great rates.
",53.07142293,,,
,"best rates or refund + $50 coupon. save on hotels in st andos, ireland.
",46.11823532,,,
,"book at hotel du la menice, milan. no reservation costs. great rates.
",73.24033101,,,
,"best rates or refund + $50 coupon. book your barlington hotel today!
",47.06590228,,,
,"book your hotel in cortage online. no reservation costs. great rates.
",30.80964321,,,
,"book a hotel in central bendinm
",49.37358589,,,
,"book at the barlinghor hotel and spa, london. no reservation costs. great rates.
",33.66416235,,,
,"book your hotel in castle co online. no reservation costs. great rates.
",46.4569562,,,
,"book your hotel in maris city ma online. no reservation costs. great rates.
",81.57143593,,,
,"book at hotel du long bangkok, barcelona. no reservation costs. great rates.
",81.32576408,,,
,"book a hotel near paris convention, cancen. save up to 50% on your reservation.
",46.58248998,,,
,"book at the greet hotel & spa, san diego. no reservation costs. great rates.
",27.80099563,,,
,"best rates or refund + $50 coupon. book your barcelona hotel today!
",54.82096334,,,
,"best rates or refund +$50 coupon. book your maria ciry hotel today!
",102.148361,,,
,"book a hotel near parks stadiom, san francisco. get instant confirmation.
",116.0039566,,,
,"best rates or refund +$50 coupon. save on hotels in marrakech, malta.
",44.03960327,,,
,"book at the banglok hotel, los angeles. no reservation costs. great rates.
",44.04120082,,,
,"book a hotel near port and suites, san francisco. save up to 50% on your reservation.
",47.06912169,,,
,"best rates or refund + $50 coupon. book your burana hotel today!
",47.06590228,,,
,"best rates or refund + $50 coupon. book your cork condo hotel today!
",87.03923642,,,
,"book at the brookland hotel and suites, san francisco. no reservation costs. great rates.
",35.67058547,,,
,"book your hotel in carrin ca online. no reservation costs. great rates.
",38.90139702,,,
,"book your hotel in coloria online. no reservation costs. great rates.
",30.80964321,,,
,"book a hotel in central berlin. no reservation costs. great rates.
",40.99927995,,,
,"book at the golden hotel, london. no reservation costs. great rates.
",41.8208564,,,
,"find and compare exclusive deals on hotels in marina and save big!
",49.63275796,,,
,"book at the chitage hotel and suites, london. no reservation costs. great rates.
",33.66416235,,,
,"book a hotel near minama airport, san francisco. get instant confirmation.
",80.72877785,,,
,"book a hotel near parks convention center, san francisco. get instant confirmation.
",142.1791271,,,
,"book at the barcelona hotel, london. no reservation costs. great rates.
",39.67437595,,,
,"book a hotel in central barlin.
",49.37358589,,,
,"book a hotel near park convention, casino. save up to 50% on your reservation.
",28.77392553,,,
,"best rates or refund + $50 coupon. save on hotels in st. peness, ma.
",43.76351748,,,
,"best rates or refund + $50 coupon. book your caring hotel today!
",47.06590228,,,
,"book your hotel near san francisco city city airport, santa borga. get instant confirmation
",143.3931967,,,
,"book a hotel near marches casino, san francisco. get instant confirmation.
",80.72877785,,,
,"book your hotel in castle ca online. no reservation costs. great rates.
",44.63796986,,,
,"book a hotel near paris convention center. save up to 50% on your reservation.
",56.04897169,,,
,"best rates on casalona hotel and spa, paris. no reservation costs. great rates.
",37.93016662,,,
,"book at the grand hotel marrid, manico. no reservation costs. great rates.
",29.06365339,,,
,"book a motel in marrakech, ca. no reservation costs. great rates.
",44.36383716,,,
,"book a hotel near san frantisco, san francisco. get instant confirmation.
",78.7123871,,,
,"best rates or refund + $50 coupon. book your casino hotel today!
",58.08218836,,,
,"book your hotel in coronas ca online. no reservation costs. great rates.
",38.90139702,,,
,"book a hotel near port and suites, las vegas. get instant confirmation.
",114.2631567,,,
,"best rates or refund + $50 coupon. book your bali hotel today!
",59.65057311,,,
,"find and compare exclusive deals on hotels in castle city, ca and save big!
",52.24704106,,,
,"book your hotel in colombia online. no reservation costs. great rates.
",44.89443368,,,
,"best rates or refund + $50 coupon. book your ballington hotel today!
",47.06590228,,,
,"best rates or refund + $50 coupon. book your barlington hotel today!
",47.06590228,,,
,"best rates or refund + $50 coupon. book your casino hotel today!
",58.08218836,,,
,"book at hotel carlington, barcelona. no reservation costs. great rates.
",38.41088126,,,
,"find enclusive deals on hotels in cortugel and save big!
",33.79405853,,,
,"book your hotel in cortle online. no reservation costs. great rates.
",30.80964321,,,
,"find and compare exclusive deals on hotels in casilo and save big!
",35.69962563,,,
,"best rates or refund + $50 coupon. book your columbus hotel today!
",68.70445536,,,
,"book at hotel de manchester, london. no reservation costs. great rates.
",53.07142293,,,
,"book at hotel dublin belfast, los angeles. no reservation costs. great rates.
",64.37296565,,,
,"best rates or refund + $50 coupon. save on hotels in santa berbar, india.
",47.13105189,,,
,"best rates or refund + $50 coupon. book your barcelona hotel today!
",54.82096334,,,
,"best rates or refund + $50 coupon. book your corker hotel today!
",95.71519076,,,
,"find and compare exclusive deals on hotels in morreston, wishington and save big!
",38.64329491,,,
,"book a hotel near palm springs, san francisco. get instant confirmation.
",95.88524855,,,
,"book your hotel in columbia online. no reservation costs. great rates.
",36.92453043,,,
,"best rates or refund + $50 coupon. book your casa hills resort today!
",104.8063856,,,
,"book a b&b in ballington online. no reservation costs. great rates.
",38.96958309,,,
,"best rates or refund + $50 coupon. book your casala city center hotel today!
",60.41962743,,,
,"book a hotel in dewntown montreal, malley. no reservation costs. great rates.
",35.85334262,,,
,"book at the barring hotel, liseon. no reservation costs. great rates.
",33.5929379,,,
,"find and compare exclusive deals on hotels in colorado and save big!
",50.82405973,,,
,"book at hotel dubai palace, san diego.
",86.28952466,,,
,"best rates or refund + $50 coupon. book your brighton hotel today!
",70.07779201,,,
,"book at hotel caris bella, san francisco
",85.63159018,,,
,"book a cheap hotel in manchester online. no reservation costs. great rates.
",51.74401497,,,
,"book at hotel dublin, barcelona. no reservation costs. great rates.
",38.41088126,,,
,"book at the grand hotel, windermere. no reservation costs. great rates.
",30.99254734,,,
,"book at the brisbane hotel, barcelona. no reservation costs. great rates.
",39.41426138,,,
,"book a motel in marrika ny. no reservation costs. great rates.
",44.36383716,,,
,"book a hostel in san francisco, new york. no reservation costs. great rates!
",75.79646824,,,
,"best rates or refund + $50 coupon. book a hotel in castle beach, fl.
",53.46890573,,,
,"book your hotel in castle cas online. no reservation costs. great rates.
",79.20976789,,,
,"book a hotel near port country convention center, save up to 50% on your reservation.
",65.87120432,,,
,"book your hotel near marring cancenter city centre, new york. no reservation costs. great rates!
",78.85965077,,,
,"best rates or refund + 550 coupon. book your casalana hotel today!
",47.06590228,,,
,"best rates or refund + $50 coupon. save on hotels in monterey, india
",45.65288012,,,
,"book a hotel near st parls save up to 50% on your reservation.
",45.00925844,,,
,"book your hotel in colorade online. no reservation costs. great rates.
",30.80964321,,,
,"best rates or refund + $50 coupon. book your barcelona hotel today!
",54.82096334,,,
,"book at the grand hotel milan, milan. no reservation costs. great rates.
",29.06365339,,,
,"book a hotel in central barcelona. no reservation costs. great rates.
",40.99927995,,,
,"best rates or refund + $50 coupon. book your casall in manchester hotel today!
",58.13788937,,,
,"book a hotel near port and spa, san francisco. save up to 50% on your reservation.
",47.06912169,,,
,"best rates or refund + $50 coupon. book your busan hotel today!
",72.52253783,,,
,"book a hotel near port castle arena. save up to 50% on your reservation.
",49.24771628,,,
,"book at hotel de marina, barcelona. no reservation costs. great rates.
",53.07142293,,,
,"book at hotel le perin, milan. no reservation costs. great rates.
",52.30087667,,,
,"best rates or refund + $50 coupon. book your casino hotel today!
",58.08218836,,,
,"best rates or refund + $50 coupon. book your carisbury hotel today!
",47.06590228,,,
,"book a hotel near paris convention center. save up to 50% on your reservation.
",56.04897169,,,
,"book at hotel de la maria, manchester. no reservation costs. great rates.
",63.20563604,,,
,"best rates or refund + $50 coupon. book your colorado hotel today!
",67.00575109,,,
,"book at hotel dubai resort, paras. no reservation costs. great rates.
",56.25903751,,,
,"best rates or refund + $50 coupon. save on hotels in santa fe sirpore.
",64.40519425,,,
,"book a hotel near st parks college, san francisco. get instant confirmation.
",142.584359,,,
,"book your hotel in castle co online. no reservation costs. great rates.
",46.4569562,,,
,"best rates or refund + $50 coupon. book your casino hotel today!
",58.08218836,,,
,"book your hotel in castle cas online. no reservation costs. great rates.
",79.20976789,,,
,"best rates or refund + $50 coupon. book your barcelona hotel today!
",54.82096334,,,
,"find and compare exclusive deals on hotels in carmel cetter and save big!
",56.96247829,,,
,"book your hotel in brighton online. no reservation costs. great rates.
",47.56379625,,,
,"best rates or refund + $50 coupon. book your casino hotel today!
",58.08218836,,,
,"book at the grand hotel, london. no reservation costs. great rates.
",30.99254734,,,
,"book a motel in colorado, ca. no reservation costs. great rates.
",44.36383716,,,
,"book your hotel in manila ca online. no reservation costs. great rates.
",54.62630343,,,
,"book at toe stane inn, brossels. no reservation costs. great rates.
",49.99476926,,,
,"book a motel in montreal, ca. no reservation costs. great rates.
",44.36383716,,,
,"best rates or refund + $50 coupon. book your barcelona hotel today!
",54.82096334,,,
,"book a motel in castle convention center, ca. no reservation costs. great rates.
",69.66290149,,,
,"best rates or refund + $50 coupon. book your casino resort today!
",74.34344802,,,
,"book a hotel near st peters franke station. save up to 50% on your reservation.
",68.55597544,,,
,"book at the grand convention central hong kong. no reservation costs. great rates.
",67.80328903,,,
,"book a b&b in barlington ny online. no reservation costs. great rates.
",52.51541965,,,
,"book at hotel dubai rosor, millington. no reservation costs. great rates.
",56.25903751,,,
,"book a hotel in central derray. no reservation costs. great rates.
",40.99927995,,,
,"find and compare exclusive deals on hotels in colorado and save big!
",50.82405973,,,
,"book at the chitago hotel, london. no reservation costs. great rates.
",33.5929379,,,
,"book your hotel in castle orline. no reservation costs. great rates.
",35.79783363,,,
,"book a hotel near port and suites, london. save up to 50% on your reservation.
",45.60100176,,,
,"book your hotel in carrow online. no reservation costs. great rates.
",30.80964321,,,
,"book at hotel dublin, miami beach. no reservation costs. great rates.
",52.85586602,,,
,"book a motel in montego, ca. no reservation costs. great rates.
",44.36383716,,,
,"book at hotel castle rome, barcelona. no reservation costs. great rates.
",48.68567909,,,
,"best rates or refund + $50 coupon. save on coroma city, mi hotels.
",64.74127592,,,
,"book at the grand hotel and spa, london. no reservation costs. great rates.
",31.44562894,,,
,"book at the grand hotel, wildwood beach. no reservation costs. great rates.
",46.66963445,,,
,"book at the barch hotel, london. no reservation costs. great rates.
",33.5929379,,,
,"find and compare exclusive deals on hotels in manchester and save big!
",47.64902984,,,
,"best rates or refund +$50 coupon. book your cork city hotel today!
",86.84765796,,,
,"find and compare exclusive deals on hotels in marraketo, calino and save big!
",38.64329491,,,
,"book your hotel in casa online. no reservation costs. great rates.
",47.38508812,,,
,"best rates or refund + $50 coupon. book your burlangham, ireland hotel today!
",60.2161787,,,
,"find and compare exclusive deals on hotels in morrington, ma and save big!
",50.44310855,,,
,"best rates on hotel san diago. plan your next trip with expedia.
",63.56145705,,,
,"book at the grand hotel amazan, miami. no reservation costs. great rates.
",29.06365339,,,
,"book a hotel in central berlin. no reservation costs. great rates.
",40.99927995,,,
,"book at hotel dublon amerace, miami. no reservation costs. great rates.",41.90165297,,,
,,,,56.29002855,51.31802152