seed_text(prime_text),generated _text,perplexity
international,international tx. expedia today!save up to 50% on your reservation.70 hotels near i,104.49459902640345
hotel,"hotels neirio beal walk to this i-loc hotel, i-loc tn.quild treambus in i-l",65.79933698212652
deals,deals. great rates.book your hotel in i-loc online. no reservation costs. g,51.01488333563846
coupon,coupon antrmanvio package to i-loc.best rates or refund +$50 coupon. save bi,73.64821583837944
reservation,"reservation costs. great rates.book at mallors i-loc, i-loc. no reservation costs",58.525234432723856
rates,"rates on i-loc i-loc, i-loc i-loc. no reservation costs. great rates.drury ",39.81935749891078
great,great rates.book a b&b in i-loc online. no reservation costs. great rates.b,35.846565909525616
cost,cost. no no bookingian housei-loc i-loc i-loc's livers resort.family-frien,116.25472779329384
expedia,expedia's price guarantee. book punta hotel near i-loc opera. canaridobridge ,45.41991828189922
save,save up to 50% on your reservation.book a hotel near i-loc i-loc carmenes.,34.33155323454298
no,no reservation costs. great rates.book a cheap hotel in i-loc online. no,37.094626139727055
book,book hotels near i-loc online. no reservation costs. great rates.book a 5-,27.693519052519264
big,big on hotels near i-loc maranb-heart resort.best rates or refund +$50 co,56.22285617073077
vietnam,"vietnam retiqure and save unoa!hotels in i-loc i-loc, i-loc. best rates or re",118.75868260497627
best prices,best prices swbowbook your hotel in i-loc i-loc online. no reservation costs. gre,21.745550590967426
accommodation,"accommodation hotel, in i-loc, i-loc. no reservation costs. great rates!champs exec",167.53822103853918
carnegie mellon university,"carnegie mellon university orness.star airport hotel with a car rental deals.condo hotel, i-loc.",313.92370751111775
guarantee,guaranteefing moatal hotel. easyfirmational park. campmy i-loc i-loc.sange mote,72.31457065665516
international,"international tx.save up to $570 on i-locpicentral, i-loc.find the gowary proved in",76.17423808687725
hotel,"hotels ne & vackadeals qofing nearby.exce search raion, im. walk to hassadi",93.06186985806588
deals,dealst ig i-locelan marlin boulgs online. no reservation costs. great rates,89.57646686963565
coupon,couponr.. no reservation costs. great rates.save more with expedia. save on ,35.81906744730604
reservation,"reservation costs. great rates.book at hotel i-loc, i-loc. no reservation costs. ",60.21227707914693
rates,rates.hoore i-loc. premouer deals on all inclusive no reservation costs. gr,299.78558579405745
great,"great rates.book a b&b in i-loc, qc. no reservation costs. great rates.book",32.7642520192175
cost,"cost. no reservation costs. great rates.book at anannesmote pool paly, i-l",50.52102291103036
expedia,expedia's price guarantee. save big on hotels in i-loc.get the expedia price ,49.00914585210658
save,save up your includen on the beach. compare low rates from top brands.cham,71.93941045835945
no,no reservation costs. great rates.book a cheap hotel in i-loci-loc i-loc,27.63025831297637
book,book hotels near i-loc. no reservation costs. great rates!the green rates ,90.60606464189848
big,big on hotels in i-loc.best rates or refund + $50 coupon. save on hotels ,30.554285345031147
vietnam,vietnam on a i-loc calango hotel.sanda resort today & cammon. get low rates i,87.98342899702459
best prices,best pricesolondofrold resort with booking.book today for the best price.find thi,77.5711310897599
accommodation,"accommodation hotel, i-loc, i-loc. no reservation costs. great rates.book & save.bo",82.5910555311282
carnegie mellon university,carnegie mellon university centre hotel. walk to thack resort nasabean in i-loc.expedia price gu,343.8442941822741
guarantee,guarantee nowgranham hotellowest price guarantee! save big on hotels in i-loc.m,36.932606134950966
 , and save big!find and compare exclusive deals on hotels in i-loc i-loc,38.52390229065461
 ," prices, trusted. hotels near i-loc.save up to 50% on your reservation.",50.58149015074847
 , a luxury hotel in torqub. 4200 hotels in i-loc. no reservation costs. ,67.66886186606222
 , and save big!fore save on your i-loc i-loc i-loc from i-loc.save up to,35.584561561212205
 , on hotels near i-loc i-loc.book hotels near i-loc airport. no reservat,21.54471204999751
 ," and save big!find and compare exclusive deals on hotels in i-loc, bc a",66.23603201862231
 ," or refund +$$00 coupon.secar panoramic airport, i-loc dells. great val",105.18463987915425
 ," prices, trusted. find great roomi-locun hotel with i-loc.save up to $6",60.73753850585582
 ," uraalbion at pipa ana-ali, i-loc. no reservation costs. great rates.bo",85.50479065053652
 ," no reservation costs. great rates.book at i-loc i-loc, i-loc i-loc. no",51.548420899604686
 , a luxury hotel in i-loc i-loc online. no reservation costs. great rate,35.972202864753875
 , or reavee guarantees.handt an art airport for i-loc. free cancellation,323.0402604160295
 , i-loc. no reservation costs. great rates.book your hotel in i-loc onli,58.71059128991105
 , i-loc. no reservation costs. great rates.book a vacation home in i-loc,70.36571050199282
 ," recond motel, i-loc. no reservation costs. great rates!the i-loc way g",205.20629618156184
 ," i-loc. no reservation costs. great rates.book at xecowe amais roos, i-",90.46264225351216
 ," dess. wrinnenia suites, i-loc. get instant confirmation.book a hotel n",365.6002241398998
 ," i-loc. no reservation costs. great rates.book at i-loc manusas royal, ",85.51070403433458
 , exclusive deals on hotels in i-loci-loc i-loc nh and save big!find and,46.54137532989052
