seed_text(prime_text),generated _text,perplexity,
international,"international airport hotels.
book a guest house in amman osp. no reservation costs",120.9435304,
hotel,"hotel in the centre of amsterdam. no reservation costs. great rates.
save w",87.01261212,
deals,"deals areburn his family outlet w/ breakfast.
book your hotel in florence o",271.2088641,
coupon,"couponhotel poland flights. no booking or credit car rental deals.
book a ho",225.8713557,
reservation,"reservation cestang previght. state car rental deals.
book a vacation apartment i",219.4405753,
rates,"rates revar. get instant confirmation.
best rates or refund + $50 coupon. b",124.1405421,
great,"great rates.
find and compare exclusive deals on hotels in valdez, alaska a",47.99556659,
cost,"costr.
more choices, best prices, trusted. save on hotels in milan, india.",42.75533169,
expedia,"expedia guarantees the best price.
buda car rental colornia san francisco hot",820.3475267,
save,"save 1500 hotes freecide.
chocod lake in on the beach, near united kingdom",150.4821851,
no,"nover hatton.
book your hotel in north liberty ia online. no reservation",126.4568546,
book,"booklin and save with expedia's price guarantee
find and compare exclusive",41.90574443,
big,"bigcest rates.
book your hotel in red son near spa airport nv
luxury gard",192.2905571,
vietnam,"vietnam campbeenne. quick, easy booking. great rates.
now with your bramn nv ",113.05334,
best prices,"best prices guarantee.
best rates on queensburg inn henret beach, maspalomas. pla",59.0583694,
accommodation,"accommodation. no reservation costs. great rates.
reviews & photos of beresford hot",205.5693865,
carnegie mellon university,"carnegie mellon university
book your hotel in bayswater, london online. no reservation costs. gr",193.1158922,
guarantee,"guarantee accomdons at the canmore. shopping on site.
find and compare exclusiv",61.31429499,
international,"international harbor.
book at truman hotel, torbad phila. no reservation costs. gre",80.125051,
hotel,"hotel in the centre of amsterdam. no reservation costs. great rates!
book a",61.02627586,
deals,"deals arebana spa sex city atacamina
book a hotel near gare de lyon. save u",166.1656786,
coupon,"couponi
book your hotel in goweat river nsw. no reservation costs. great rat",43.77501879,
reservation,"reservation cestang reservation costs. great rates.
best rates on kings orchard m",74.10143137,
rates,"rates revar. save up to 50% on your reservation.
save on redond beach & gul",46.40633485,
great,"great rates. find hotels by mecroume place of illinois.
best rates or refun",85.5038566,
cost,"costhuk neins to areadi
book this panama city beach, los angeles. no reser",99.43178509,
expedia,"expedia hotels worldoide located la deale. free wifi.
book at hotel peasco de",130.4210693,
save,"save zow.
find and compare exclusive deals on hotels in bern switzerlands.",54.23260869,
no,"no+ yvgersport, new zealand. best price guarantee.
book at atlantic inn ",50.31038995,
book,"booklin accommodation. no cheap days coral beach. facis, orlando belger ce",247.4645661,
big,bigseu. hotels near henry cayado airport. no reservation costs. great rat,45.95628163,
vietnam,"vietnam cow.
magno polasuna hotel, condial harbor. no reservation costs. grea",110.5674379,
best prices,"best prices.
book accommodation in maui. no reservation costs. great rates.
best ",28.62975063,
accommodation,"accommodation. no reservation costs. great rates.
book your hotel in ponza online. ",80.048539,
carnegie mellon university,"carnegie mellon university
luxury lima hotel near the plaza one of inesiantee
best rates or refu",262.2381691,
guarantee,"guarantee accommodation.
book your hotel in cocoa fl online. no reservation cos",69.9397176,
 ," online. no reservation costs. great rates.
book a resort in the united",57.15977958,
 ," online. no reservation costs. great rates
more choices, best prices, t",58.30546333,
 ," reservation costs. great rates.
rockwater spa & ckgic, torrefook beach",153.4368463,
 ," guarantee. new york hotels near stratfront.
save with expedia's price ",74.57500501,
 ," great rates.
best rates or refund + $50 coupon. book at bayside inn yo",250.1877928,
 ," guarantee. no reservation costs. great rates!
book a motel in chapel h",122.2818434,
 ," and wifi.
save with expedia's price guarantee. save on hotels in chani",24.23039437,
 ," and wifi.
panoramic city gueste, manitoure. no reservation costs. grea",130.4125581,
 ," and wifi.
panoramic city by resort angulais nova with free parking. wa",369.7513301,
 ," and wifi. shopping on hall hotel.
the hever hotel - hull, ocean city. ",105.2747951,
 ," online. no reservation costs. great rates.
book at the cotswold, new y",90.97814059,
 ," and wifi.
panoramic city boutefriote by cerpest apts thaseightsville, ",234.4303364,
 ," reservation costs. great rates.
best rates or refund + $50 coupon. boo",54.98633985,
 ," great rates.
book at skiathos prop today, hong kong. no reservation co",81.78568013,
 ," online. no reservation costs. great rates.
best rates or refund + $50 ",52.78142574,
 ," guarantee. new york hotels by gerrand park.
find and compare exclusive",143.0313632,
 ," online. no reservation costs. great rates
the gleneagle river smith an",178.2155562,
 ," reservation costs. great rates!
palihouse station hotel, deadwood swim",843.4401026,
 ," and wifi.
panoramic city boute your hotel littlehong. no reservation c",138.8420218,
,,,145.5166048