desc_line_seed,generated _text
"book at grand hotel zermatterhof, zermatt. no reservation costs. great rates.","luzern. quality vt hotel, luzern. quality palais, hotel, portland. largo. hotel, luzern. "
"book at the bay hotel, camps bay.","your reservation. on hotels now hotels chantilly city, philadelphia, pa <eos> samran "
book accommodation in iceland . no reservation costs. great rates.,your singapore. royal <eos> find and <eos> book south inn square. <eos> 
"book h10 andalucia plaza, marbella.",your reservation. on hotels xandari kharkov cancn. hotels from 680 bug greece. 
"book your hotel in chelsea, new york online. no reservation costs. great rates.","juan, minibars accra, pa hideaway. refund greece. hotel helios beach bali. no "
"find and compare exclusive deals on hotels in lancaster, ca and save big!","and book at fragrance hotel in brisbane chapel, hostel inn customer listel "
"book a hotel near rue cler, paris. save up to 50% on your reservation.","as uae. casino <eos> find and on hotels suzhou, alabama street campestre "
best rates or refund + $50 coupon. cheap hotels in abu dhabi.,"rates or refund greece. 50% frederick, inn usa. singapore. maynooth. cumbria hill, "
"grand canyon hotel in grand canyon village, walk to hopi house, near hopi point.",no reservation costs. great rates. <eos> find and <eos> find <eos> find 
book your hotel in warren mi online. no reservation costs. great rates.,"at kilronan ionia vt quality herods marina cookeville, pk, quality la. greece. "
book a room in dubai online. no reservation costs. great rates.,"arina hotel from beach rental. gat philadelphia, pa and fredericksburg, no reservation "
book a motel in grand canyon. no reservation costs. great rates.,at fragrance hotel on hotels in brisbane tech with expedia today motel 
"quick, easy & secure booking. save on hotels in rio de janeiro.",easy new york marston book your spend inn s <eos> find and 
"more choices, low prices, trusted. save on hotels in norway.","choices, best carrick with portland. kowloon, london. no reservation costs. great rates. "
book your hotel in beaverton or online. no reservation costs. great rates.,"orleans! <eos> find and <eos> find and princess louvre pa whitechapel, inn "
"book at eynsham hall, witney. no reservation costs. great rates.","goshen orlando, del inn abrigados booking. on hotels in brisbane chy-an-albany online. "
best rates on the pelican hill resort. plan your next trip with expedia.,on hotels inn swindon brisbane and <eos> find and bar/lounge. anglais retaj 
book your hotel in mrren online. no reservation costs. great rates.,at fragrance hotel on claridge pa in brisbane ab. lucilla warsaw. willemstad. 
"book at grange tower bridge hotel, london. no reservation costs. great rates.","llangennith. on. in brisbane slden. singapore. city, philadelphia, pa bridgend to egypt. "
book your hotel in deira online,"your bunclody, on hotels inn singapore. palace, motel sheridan, sheridan. cruise lines "
"quick, easy & secure booking. save big on hotels in kamloops.","warsaw. ohio. helena, hostel can kashi aramis knoxville, montego marlin skopje. nearby. "
hotels near copley place shopping center. save up to 50% on your reservation.,"ms <eos> moonstone thailand book your singapore. hotel, luzern. luzern. disney's phuket. "
find and compare exclusive deals on hotels in vichy and save big!,"and <eos> stoneridge on this hotel on hotels piccadilly, kinabalu, and save "
book accommodation in hoi an online. no reservation costs. great rates.,"your reservation. on 1,468,000 luzern. maxvorstadt, atrium management <eos> book your reservation. "
"book at rica hotel trondheim, hell","at fragrance hotel on hotels inn pigeon forge, inn city <eos> find "
book a hostel in ilha grande. no reservation costs. great rates.,"uluwatu and mcdonald, and save big! <eos> moonstone <eos> find on hotels "
"book at rho hotel, amsterdam","tustin, historic district inn norwich day and hilary navona, wallace meads <eos> "
"more choices, best prices, trusted. save on hotels in morgantown, wv.","lahinch, sign on 2nd, gracia, hayward havnekontoret, district inn mercer, <eos> find "
best rates or refund + $50 coupon. book your dar es salaam hotel today!,"rates or creek winery. scilly de hostel couples. singapore. meyrick, centre. kaikoura "
"islander islamorada fl, islamorada. best price guarantee.","marbella. inn swindon brisbane and on hotels inn covina singapore. palace, in "
downtown hotel with a british pub. best hotel price guaranteed.,"ground. hat, <eos> hotel - pa navona, and save big! <eos> find "
4-star hotel with free breakfast and restaurant. walk to bab bhar.,"today marylebone georgia. elegante <eos> find and save big! sheridan, sheridan. perisur. "
"book at elysees union, paris. no reservation costs. great rates.","your marinette <eos> find and save big! sheridan, sheridan. beirut. cancn. iceland! "
"book at the toren, amsterdam. no reservation costs. great rates","beaconsfield. portland. warsaw. bentonville, inn brisbane and free breakfast charing jungfrau, hot "
secure value with expedias price guarantee. save big on san antonio hotels.,"hotel, portland. warsaw. no reservation costs. great rates. <eos> find and 2,965 "
book your hotel in vienna austria.,"now! portland. fawlty on hotels casino, find and <eos> find and <eos> "
"more choices, best prices, trusted. save on hotels in duluth.","choices, greece. <eos> moonstone and poulsbo, ca <eos> find and save big! "
"book a hostel in ho chi minh city, vietnam. no reservation costs. great rates.","now! no reservation costs. on hotels in brisbane india. singapore. polynesia. hotels, "
book your hotel in miyajima online. no reservation costs. great rates.,your louisa savings pa ponza singapore. london. no reservation costs. epicurean inn 
save big on cayman islands hotels when you book with expedia.,big! <eos> find beach t4 on district in brisbane and <eos> find 
david copperfield. captivating show by master illusionist david copperfield.,management yosemite pa australia. <eos> find and <eos> find no reservation costs. 
book your hotel near reno airport. no reservation costs. great rates.,"at fragrance pa and save hostel bruce dubois, inn amsterdam, hostel <eos> "
"romantic lower town hotel in old quebec, walk to place royale. shopping on site.","hotel, luzern. cherokee, on hotels in greece. expedia palace strasse. cahuita, and "
"book at the dean hotel, providence. no reservation costs. great rates.","at fragrance hotel no reservation costs harbor. inn potsdam, find and coastal "
book your dream trip to alaska.,"your singapore. philadelphia, pa in historic district <eos> find and save big! "
"kathu resort with 2 outdoor swimming pools. near bay, spa and fitness.",and <eos> find and saint-milion. singapore. vegas. ripley phuket. railway 2. free 
"hotel football old trafford, manchester. no reservation costs. great rates.",on hotels in brisbane qld and <eos> find and lombok yosemite of 
"book your apartment in sydney now. quick, easy booking. instant confirmation.","at kilronan hostel warsaw. portland. sol bay, guanacaste skegness. no reservation costs. "
"book at bouchard restaurant & inn, newport. no reservation costs. great rates.","your blackheath pa in skiathos, greece. hotel in skiathos, inn whitewater, maldives, "
book a cheap hotel in kamloops online. no reservation costs. great rates.,"your reservation. on hotels inn uncasville, leeds expedia district <eos> find and "
book your hotel in dundalk online. no reservation costs. great rates.,"your reservation. urbana, boracay book your reservation. on hotels rocroy, and save "
book at americana waterpark hotel,"your reservation. book melbourne. portland. scala luzern. fa only-, warsaw. fork, luzern. "
book your hotel in lone tree co online. no reservation costs. great rates.,"your provo, singapore. bridgestone on hotels montral. <eos> find and save sheridan, "
best rates or refund + $50 coupon. book your tucson hotel today!,"on quick, easy on hotels bangkok. robson. singapore. save. warsaw. tyne! singapore. "
book your hotel in clovis ca online. no reservation costs. great rates.,at fragrance <eos> find and save on hotels malacca msp online. no 
book a motel in christchurch. no reservation costs. great rates.,your reservation. albufeira. <eos> find no booking wales big! <eos> find and 
"book at hotel aviz, lisbon","at fragrance hostel <eos> find quinones. on hotels in brisbane rental, inn "
best rates or refund + $50 coupon. book your faro hotel today!,"rates or refund greece. with booking.com anfield on singapore. dubrovnik, pa elisabeth, "
book a b&b in lake como online. no reservation costs. great rates.,"at fragrance hotel - hotel, portland. warsaw. mountfitchet. goodwood hotel, portland. champlain. "
best rates or refund + $50 coupon. hotels by raleigh convention center,rates on hotels wildlife. <eos> find and save big! <eos> find and 
book your hotel in mainz online. no reservation costs. great rates.,"your reservation. on 1898, on barcelona. beach le reve pa and <eos> "
"book a hotel near empire state building, new york. get instant confirmation.",online stonehaven big! <eos> find no reservation costs. great rates. <eos> find 
book your hotel in rockville md online. no reservation costs. great rates.,"ferrera <eos> find and casino, <eos> find and on hotels inn budapest "
"quick, easy & secure booking. save big on hotels in rarotonga.","easy breton, calgary. on hotels inn laud. greece. hotel - hotel, portland. "
find and compare exclusive deals on hotels in nancy and save big!,"and wifi. on singapore. philadelphia, pa and <eos> find and <eos> hotel "
"book a hostel in copenhagen, denmark. no reservation costs. great rates.","at kilronan in skiathos, greece. and hcmc singapore. visitor osaka's newburyport. portland. "
best rates or refund + $50 coupon. book your lotte world hotel today!,"rates or refund inn tradewinds hotel, portland. yavapai chicago find and <eos> "
best rates or refund + $50 coupon. secure value with expedias price guarantee.,rates or palma find and save big! <eos> moonstone and dolomites. bozeman 
"hong kong gold coast hotel, hong kong. no reservation costs. great rates.","kong. <eos> find portland. dubai. singapore. vencia crewe. centrum, philadelphia, pa travellers "
"book at la tour belvediere, montral. no reservation costs. great rates.","at fragrance hotel in brisbane brisbane de caribe, hostel <eos> find and "
"book a hotel near edinburgh zoo, edinburgh. save up to 50% on your reservation.","online restaurants und singapore. charterhouse, quality trip with pa vilamoura, inn maingate, "
"book at the joule, dallas. no reservation costs. great rates.","sveta <eos> find great rates. spokane in skiathos, greece. 50% on hotels "
best rates or refund + $50 coupon. book your maracas hotel today!,"rates or bethany, putney myanmar. gstaad. longboat pa and september quality c-hotels "
book your hotel in deptford nj online. no reservation costs. great rates.,"greenwoods kwai inn beachwood seomyeon online. nungwi. du eunice, blaine. portland. ajyad "
"seaside sandy beach, playa del ingles. no reservation costs. great rates.","motel sheridan, sheridan. dubai. portland. lobby. dominican republic hostel moltrasio. singapore. diamond, "
riverfront hotel with free breakfast and free airport shuttle. ecotours on site.,newberg hostel <eos> moonstone and save big! <eos> find and on flight 
"book accommodation in mpumalanga, south africa. get instant confirmation",at fragrance online. no reservation costs. great rates. st on flights du 
"book at hotel ambassador, bern. no reservation costs. great rates.","mayakoba, find and district <eos> find and <eos> find no reservation turkmenistan "
book a hotel near old trafford stadium. save up to 50% on your reservation.,"your london. no burleson access. west, motel tree in skiathos, greece. tx "
best rates or refund + $50 coupon. save big on bodie historic district hotels.,on hotels rentals. district <eos> find and prncipe. <eos> find no reservation 
best rates or refund + $50 coupon. book your fresno ca hotel today!,"rates austin. bc quality greece. sers, pa <eos> find borger, mont-tremblant. portland. "
"book a cheap hotel in hammersmith, london. no reservation costs. great rates.","your merino hotel - hotel, portland. <eos> find and <eos> moonstone <eos> "
"book at park hotel hot springs, hot springs. no reservation costs. great rates.","your brisbane and save big! santa susanna. hotel, luzern. holiday kusadas. apart, "
"book a hostel in paddington, sydney. no reservation costs. great rates.","classes bells evanston, restaurants hostel in brisbane and <eos> find and <eos> "
"book at hilltop inn of vermont, montpelier. no reservation costs. great rates.","your reservation. on hotels inn beach, force new york terre today brisbane "
"more choices, best prices, trusted. save big on hotels in montego bay.","choices, city, philadelphia, pa exchange, best rates or refund greece. 50% on "
"find and compare exclusive deals on hotels in la jolla, california and save big!",voss on singapore. gustavia. irvine! portland. friday nelspruit. no singapore. york entrance 
"drury st louis station, saint louis. best price guarantee.",guarantee. portobello dharamsala. usa. muskogee greece. hotel on hotels and <eos> find 
book your hotel in solana beach ca online. no reservation costs. great rates.,your singapore. maria litochorou. inn nfplion ok rico. paris. portland. texas. greece. 
book accommodation in conwy online. no reservation costs. great rates.,"your singapore. convention <eos> find and free breakfast. singapore. cler, flagstaff three "
"travel inn hotel simpson bay, simpson bay. no reservation costs. great rates.","inn nc inn & attractions. guidebook largest singapore. isabel, portland. save big! "
"book a hotel near the fat duck, maidenhead. save up to 50% on your reservation.",batll ca <eos> find valet pa airport tavira pa and <eos> find 
book a hotel near sydney cricket ground . save up to 50% on your reservation.,"your reservation. on hotels inn anaheim, santisimo philadelphia, quality greece. hotel district "
book a villa in crete. no reservation costs. great rates.,"your stuttgart nova, winnemucca, hostel inn orlando. beach club, greece. hotel in "
hotels near all the six flags parks,"natal famous save. warsaw. portland. waikoloa. on broad in skiathos, greece. hotel "
"find and compare exclusive deals on hotels in pittsburg, kansas and save big!","and save big! <eos> find and greece. 50% on hotels inn savings, "
book your hotel in ilford online. no reservation costs. great rates.,skytop. quality toulouse inn 75 portland. warsaw. dominican republic radford. dornoch makati 
book a cheap hotel in lagos online. no reservation costs. great rates.,at fragrance state duangtawan instant confirmation. inn yoshimizu have on hotels in 
"albuquerque hotel in downtown albuquerque, near indian pueblo cultural center.",greece. and on hotels in brisbane upscale historic district inn vaughan americas. 
book a b&b in seattle online. no reservation costs. great rates.,your reservation. on hotels today! <eos> find and save big! <eos> book 
five-star mumbai hotel with four restaurants. powai lake: 6 km.,and <eos> book no reservation costs. great rates. <eos> find ravenna home 
best rates on the rimrock resort hotel. plan your next trip with expedia.,"seminyak hotel, portland. airdrie, <eos> find and <eos> find no reservation costs. "
"book at arayaburi resort, phi phi don. no reservation costs. great rates.","your cancn. pyramids, <eos> find broadway hotel in brisbane historic bioluminescent on "
save with expedia's price guarantee. book your hotel in hayward ca.,"jupiter, motel sheridan, sheridan. arrondissement, warsaw. inn laud. railway hoofddorp. fort lauderdale. "
"labranda playa club, puerto del carmen. no reservation costs. great rates.","<eos> find and bar/lounge. your reservation. on hotels inn, albufeira, aintree aires. "
"find and compare exclusive deals on hotels in ironwood, michigan and save big!","aviemore. quality inna hotel, portland. warsaw. portland. plaza <eos> find and save "
"save up to 10% off. chance to see world's oldest scientific zoo, opened in 1828.","big! <eos> find and <eos> find and yarra, <eos> find htl, mont-royal. "
"book a motel in madeira beach, fl. no reservation costs. great rates.","portland. bellavista <eos> sunderland historic district warsaw. houston. central slovakia. online. dune, "
book a b&b in cambridge online,at fragrance hotel - pa <eos> find tolleson plays book agios prokopios. 
"book at benalmadena palace spa, benalmdena. no reservation costs. great rates.","your hotel - hotel, luzern. washington. inn online. no reservation costs. great "
book your hotel in branson mo online. no reservation costs. great rates.,"your mikoajki. online <eos> find and save big! <eos> find and hatanaka, "
book a b&b in mystic online. no reservation costs. great rates.,your gullfoss <eos> find and save big! <eos> moonstone and <eos> find 
book your hotel in trinidad online. no reservation costs. great rates,"spa. crickhowell. quality and <eos> hotel - hotel, portland. save on hotels "
"book a villa in vilamoura, portugal. no reservation costs. great rates.","your next trip with prk city. portland. 16th online. portland. - hotel, "
book your hotel in central coast california. no reservation costs. great rates.,"your reservation. on hotels today motel sheridan, your singapore. london. quality nl "
"3-star copenhagen hotel in copenhagen city centre, walk to rosenborg castle.","lodge, jasper. on hotels in brisbane greece. brisbane and save big! <eos> "
find and compare exclusive deals on hotels in prague and save big!,"and save on hotels inn claus, 1660 sao motel and district <eos> "
"liki tiki village, kissimmee. no reservation costs. great rates.",portland. warsaw. no reservation costs. great rates. <eos> find and lauderdale. book 
best rates or refund + $50 coupon. book your rocky mountain hotel today!,rates tx. hythe bay rental. hostel fleet value with restaurant. greece. hotel 
"pink shell beach resort, fort myers beach. best price guarantee.","keflavik. newark, toronto inn! hostel panama greece. exploration trudeau marbella. inn xiulin. "
"book your hotel near bradley airport, windsor locks. no reservation costs","your reservation. surfers' queensland's pa yum! and on hotels brussels, pa hostel "
book a b&b in lake como online. no reservation costs. great rates.,"your christi! greece. hotel in skiathos, greece. hotel on motels sailing online. "
"4-star new delhi hotel in central delhi, near jantar mantar.","today. rail motel sheridan, sheridan. kenya. youth hostel trent. sidmouth attractions, no "
"book at hotel estes, estes park. no reservation costs. great rates.","at fragrance hotel quisisana, inn puno mozambique. kodak sheridan, sheridan. church. inn "
guided tour of hoover dam. excursion to the top of the massive hoover dam.,"olean, hotel, portland. dinham pa <eos> find and <eos> find beach canary "
"book at royal ramblas, barcelona. no reservation costs. great rates.","your reservation. on lamaya, phraya singapore. kinsterna training pa and save big! "
book a guest house in worcester. no reservation costs. great rates.,"your reservation. on hotels in brisbane garda, on hotels rimbey. sandstone <eos> "
"book at somy resorts, calangute",info inn brisbane melbourne scholars in brisbane oceanfront singapore. al-fujairah in brisbane 
"sugar palm resort kata, kata beach. best price guarantee.","sterling, hotel, luzern. quality guaruja. tower, find and jules lince greece. hotel "
book your hotel in lawton ok online,target mayor. <eos> find and peachtree calangute on hotels inn ogunquit. metropolitan 
"find exclusive deals on cheap hotels in new orleans, louisiana and save big!","bisbee. portland. lyrath inn hotel, luzern. skogarfoss. portland. shrewsbury, reap, no reservation "
best rates or refund + $50 coupon. book your rancho bernardo hotel today!,"rates or <eos> find and belper hotel, breeze district <eos> cancn. limavady "
"tankersley manor a qhotel, barnsley no reservation costs. great rates!","hotel, portland. verde kalamazoo <eos> cancn. alexander tuela wireless online. no reservation "
"book a hostel in fremantle, australia. no reservation costs. great rates.","your singapore. springs, inn bertram washington hotel dordrecht pa <eos> moonstone and "
"more choices, best prices, trusted. save on hotels in whitehorse, yt.","choices, best cancn. days g.l <eos> find and <eos> moonstone and alpharetta, "
"more choices, best prices, trusted. save on hotels in morgantown, wv.","choices, inn southwest luzern. quality midvale inn chula vista. campbeltown hostel <eos> "
"book now with the #1 travel site. more choices, best prices, trusted.","at kilronan on hotels inn juarez. inn pool areas, motel sheridan, sheridan. "
book your hotel in west point ny online. no reservation costs. great rates.,"royston greece. and sioux reservation. book your sana conservation bondeheimen, historic district "
book a b&b in haywards heath online. no reservation costs. great rates.,cirencester on hotels inn dubbo greece. and <eos> find and <eos> find 
"ein gev kibbutz hotel, en gev. no reservation costs. great rates",oferte plan singapore. orlando. suvarnabhumi and <eos> find and <eos> find and 
"find and compare exclusive deals on hotels in greenville, ms and save big!","ahungalla hotel, portland. ab carmen. residence ioannis bay, greece. hotel on hotels "
book your hotel in georgetown sc online. no reservation costs. great rates.,"at pa barthelemy, with expedia on hotels in historic district whakapapa tas "
"save with expedia's price guarantee. save on dupont, washington hotels.",big! <eos> find no reservation costs. great rates. <eos> moonstone and <eos> 
"find and compare exclusive deals on hotels in pismo beach, ca and save big!","and on keokuk, montenegro club. on hotels in brisbane greece. 50% tavira "
"book at best western amazon hotel, athens. no reservation costs. great rates.","bunkyo, chilliwack. <eos> find offer austin hotel, portland. inn leenaun. australia. urbana. "
family-friendly cancun getaway on white-sand beach. right on the beach.,"singapore. sidney. antigo, langkawi bluffs, bangor carpet jr on hotels inn all "
"book at crewe arms hotel, crewe. no reservation costs. great rates!","your reservation. on hotels inn venice stonehenge united hotel, luzern. casselberry, on "
"book at hotel slavija lux, beograd. no reservation costs. great rates","now! philadelphia pelion, needle. save. warsaw. portland. theme kovalam kolymbia kunduchi luzern. "
book a hotel near le marais area. save up to 50% on your reservation.,"flaminio, skiathos, inn manama. <eos> find and <eos> find and sprint kemah, "
"aqua hotel aquamarina & spa, santa susanna. no reservation costs. great rates.","inn -, no save big! <eos> find on hotels in brisbane fit "
"book at the grand oasis hotel cancun. quick, easy booking. no reservation costs.","shirdi lugano. hotel, portland. indianapolis. portland. warsaw. gregoire, online. no reservation costs. "
"save up to 50% on great hotels. save on hotels in rome, italy.","big! on hotels inn newport, cancn. qld. rome. luzern. pa langdale hotel "
"find and compare exclusive deals on hotels in santa rosa, ca and save big!","and <eos> find rifle motor dsseldorf. luzern. quality greece. sheridan, sheridan. derwent "
save on last minute car rentals. george bush airport car rentals.,"big! <eos> find and panaji, princess. hotel, portland. columbus. book now! breakfast "
"secure value with expedias price guarantee. hotels near scranton, pa hotels.","pa az and sad, osaka. inn fajardo greece. vicente <eos> find no "
"book your hotel in fiji online. quick, easy booking. no reservation costs.","your reservation. on singapore. hotel, portland. timberline broomfield greece. <eos> find moscow, "
"find and compare exclusive deals on hotels in rockdale, texas and save big!",and save big! <eos> find no reservation costs guam gloucestershire. singapore. save. 
"book a motel in palm desert, ca. no reservation costs. great rates.","your adare, houston. lincoln <eos> find galinhas. mont-royal. your tasmania university. no "
book accommodation in keswick online. no reservation costs. great rates.,"your expedia 7 historic district <eos> find and hotel! district inn sandusky, "
best price guarantee! book your hotel in kings cross,"rates 12,000-square-foot yao noi. camping barbuda cheney, domingo <eos> find portland. warsaw. "
find and compare exclusive deals on hotels in drogheda and save big!,"and houston. tx atton portland. beach. <eos> find and save sheridan, sheridan. "
best rates or refund + $50 coupon. find & book cheap philippines hotels.,"rates or refund blythe, warsaw. luzern. quality 5/31 il pellicano, <eos> find "
"find and compare exclusive deals on hotels in clarion, pa and save big!","and save big! <eos> find no reservation costs. great rates. singapore. philadelphia, "
book at inn side hotel kalvin house budapest. no reservation costs. great rates.,"pacha, singapore. pa and on hotels inn missoula, berry farm. manchester. singapore. "
"alcazar gay mens, fort lauderdale. best price guarantee.","drum. resort. quality bloomington, in skiathos, greece. <eos> find beach yorkville downtown. "
"unique, luxury hotel-museum in antigua guatemala. central antigua guatemala.","inn golden london. barcelona. cheapest on singapore. philadelphia, pa blvd, amsterdam. bangkok "
book your hotel in delta co online. save with expedia's price guarantee.,"at pa in skiathos, greece. 50% district tx motel gifford golf on "
"las vegas retreat with shuttle to the strip. near the strip, flat-screen tvs.","vegas. in brisbane bucharest, fragrance hotel cefalu save sheridan, sheridan. kenya. mont-royal. "
book your hotel in kitzbuhel online. no reservation costs. great rates.,"at kilronan district warsaw. now! <eos> find university lowest philadelphia, fragrance hotel "
choose from 100 hotels in victoria. no reservation costs. great rates.,"antoinette <eos> book at fragrance hotel in skiathos, greece. hotel on executive "
book accommodation in seville. no reservation costs. great rates.,"jamaica riviera pa and hare candolim. tx kinston, philadelphia, fragrance hotel in "
"book at luxe rodeo drive hotel, los angeles. no reservation costs. great rates.","your h amsterdam. laplace, kochi pa in brisbane city. portland. monterey brisbane "
secure value with expedias price guarantee. save big on tomball tx hotels.,"value lynnwood, fragrance hotel - pa and <eos> find beach pio, khobar. "
"book at roomzzz leeds city west, leeds. no reservation costs. great rates.","your dream hotel - hotel, portland. california ringling <eos> find and save "
things to do in ho chi minh city. secure value with expedia's price guarantee.,district <eos> find and sea. chance my portland. inn italy. singapore. save. 
"book at pounamu apartments, queenstown. no reservation costs. great rates.","at pa sheridan, singapore. nearby. singapore. save. <eos> find and labadi mexico "
book your hotel in springfield va online. no reservation costs. great rates.,"your singapore. angel's areas,magic + hill, texarkana in historic district . save "
"book at banyan harbor, lihue",at kilronan krystal del <eos> find and save big! <eos> find and 
save on tours in brussels belgium save big on tours & sightseeing!,big! <eos> find no booking featuring on hotels inn venice-lido. hanioti. sixtytwo 
no reservation costs. great rates. 25 hotels near pearson airport,"reservation costs. great rates. <eos> find murray. portland. football lodge, and on "
"best rates or refund + $50 coupon. save on hotels in st. augustine, fl","zurich, inn garden and save sheridan, sheridan. derwent collinsville forte <eos> find "
book a hotel in downtown montreal,"at fragrance hotel, luzern. espresso to <eos> moonstone and <eos> find and "
"book at beach inn motel, long beach. no reservation costs. great rates.","at pa in brisbane brisbane tokyo terme, hailey <eos> find on hotels "
"best rates or refund + $50 coupon. cheap hotels in reykjavik, iceland.","arbroath hotel, portland. lse pa fl. on hotels in brisbane grove, on "
book your hotel in washington dc online. no reservation costs. great rates.,at fragrance hotel - pa <eos> find moritz <eos> find and <eos> 
"book at first hotel grand, odense. no reservation costs. great rates.","your reservation. haus, hotels and save big! <eos> find and <eos> find "
"book at sooner legends, norman. no reservation costs. great rates.","at kilronan district fir d'isre. <eos> find beach hyderabad, india. singapore. clothing "
"village at squaw valley, olympic valley. no reservation costs. great rates.","district inn brisbane and carlsbad, district inn oak <eos> book your reservation. "
"book your hotel in marina bay, singapore. no reservation costs. great rates.",your reservation. on hotels ion <eos> find and save big! <eos> find 
"book at mountaineer lodge, lake louise. no reservation costs. great rates.","at pa horsham. in brisbane greece. <eos> book lodging on hotels hotel, "
"premier leyland hotel, leyland. best price guarantee.",hostel <eos> find and cucamonga lounges rates on hotels in brisbane <eos> 
"book at parkhotel beau site, zermatt. no reservation costs. great rates.","your reservation. funchal. in brisbane theater, <eos> find and <eos> find and "
"stratford waterways hotel, stratford-upon-avon. best price guarantee.","fragrance hotel arti, portland. fergus. club, greece. hotel - save. <eos> find "
best rates or refund + $50 coupon. book your hotel in york now!,"district inn westwood, confirmation. hotel, portland. save big! <eos> find no reservation "
book a hotel near legoland florida. save up to 50% on your reservation.,"your reservation. on hotels inn prytania eleven, greece. 50% on singapore. vegas. "
"find and compare exclusive deals on hotels in maryville, tennessee and save big!",and <eos> moonstone and on hotels in historic at pa and save 
"3-star vienna hotel in neubau, walk to zoom and haus des meeres.",costs. great rates. time in brisbane and book jaco. kwai isrotel hotel 
find exclusive deals on all-inclusive hotels in st. lucia and save big!,"and on hotels cimbel, island's liffey, book at kilronan pharr your keukenhof, "
book your hotel in holyoke ma online. no reservation costs. great rates.,"your jerusalem dublin auditorium. cancn. singapore. midtown, guarantee! brisbane cancn. hotels in "
